"Nom	";Prénom;Email
Lenoir;Quentin;quentin.lenoir@etu.unilim.fr
Leger;Charlie;charlie.leger@etu.unilim.fr
Vidoni;Lara;lara.vidoni@etu.unilim.fr
Liboutet;Nathan;nathan.liboutet@etu.unilim.fr
Lorthioir;Jérémy;jeremy.lorthioir@etu.unilim.fr
Weasley;Ron;ron.weasley@poudlard.com
Granger;Hermione;hermione.granger@poudlard.com
